Workbook

Sheet Inputs
A1: Survival extrapolation model: colon cancer trial (Lev+5FU vs Obs)
A3: Selected model (change me) | B3: lognormal
A4: Time horizon (years) | B4: 30
A6: Model | B6: Arm | C6: Parameter 1 | D6: Value | E6: Parameter 2 | F6: Value
A7: weibull | B7: Obs | C7: shape | D7: 1.0862623 | E7: scale | F7: 7.9220599
A8: weibull | B8: Lev+5FU | C8: shape | D8: 0.92225082 | E8: scale | F8: 12.988481
A9: lognormal | B9: Obs | C9: meanlog | D9: 1.6985017 | E9: sdlog | F9: 1.2524856
A10: lognormal | B10: Lev+5FU | C10: meanlog | D10: 2.2603032 | E10: sdlog | F10: 1.6816026
A11: loglogistic | B11: Obs | C11: shape | D11: 1.3368802 | E11: scale | F11: 5.36925
A12: loglogistic | B12: Lev+5FU | C12: shape | D12: 1.0622284 | E12: scale | F12: 8.9602192
A16: Parameters estimated in R (flexsurv) by analysis/01_survival.R; source: outputs/parametric_params.csv

Sheet Results
A1: Results (update with the model selector on Inputs)
B3: Obs | C3: Lev+5FU | D3: Difference
A4: Mean life-years (30 y) | B4: =SUM(Survival!E3:E362) | C4: =SUM(Survival!F3:F362) | D4: =C4-B4
A5: Survival at 5 years | B5: =Survival!C62 | C5: =Survival!D62 | D5: =C5-B5
A6: Survival at 20 years | B6: =Survival!C242 | C6: =Survival!D242 | D6: =C6-B6

Sheet Survival
A1: Cycle | B1: Years | C1: S(t) Obs | D1: S(t) Lev+5FU | E1: LY Obs | F1: LY Lev+5FU
A2: 0 | B2: =A2/12 | C2: =IF(B2=0,1,IF(Inputs!$B$3="weibull",EXP(-(B2/CHOOSE(MATCH(Inputs!$B$3,{"weibull","lognormal","loglogistic"},0),Inputs!$F$7,Inputs!$F$9,Inputs!$F$11))^CHOOSE(MATCH(Inputs!$B$3,{"weibull","lognormal","loglogistic"},0),Inputs!$D$7,Inputs!$D$9,Inputs!$D$11)),IF(Inputs!$B$3="loglogistic",1/(1+(B2/CHOOSE(MATCH(Inputs!$B$3,{"weibull","lognormal","loglogistic"},0),Inputs!$F$7,Inputs!$F$9,Inputs!$F$11))^CHOOSE(MATCH(Inputs!$B$3,{"weibull","lognormal","loglogistic"},0),Inputs!$D$7,Inputs!$D$9,Inputs!$D$11)),1-NORM.S.DIST((LN(B2)-CHOOSE(MATCH(Inputs!$B$3,{"weibull","lognormal","loglogistic"},0),Inputs!$D$7,Inputs!$D$9,Inputs!$D$11))/CHOOSE(MATCH(Inputs!$B$3,{"weibull","lognormal","loglogistic"},0),Inputs!$F$7,Inputs!$F$9,Inputs!$F$11),TRUE)))) | D2: =IF(B2=0,1,IF(Inputs!$B$3="weibull",EXP(-(B2/CHOOSE(MATCH(Inputs!$B$3,{"weibull","lognormal","loglogistic"},0),Inputs!$F$8,Inputs!$F$10,Inputs!$F$12))^CHOOSE(MATCH(Inputs!$B$3,{"weibull","lognormal","loglogistic"},0),Inputs!$D$8,Inputs!$D$10,Inputs!$D$12)),IF(Inputs!$B$3="loglogistic",1/(1+(B2/CHOOSE(MATCH(Inputs!$B$3,{"weibull","lognormal","loglogistic"},0),Inputs!$F$8,Inputs!$F$10,Inputs!$F$12))^CHOOSE(MATCH(Inputs!$B$3,{"weibull","lognormal","loglogistic"},0),Inputs!$D$8,Inputs!$D$10,Inputs!$D$12)),1-NORM.S.DIST((LN(B2)-CHOOSE(MATCH(Inputs!$B$3,{"weibull","lognormal","loglogistic"},0),Inputs!$D$8,Inputs!$D$10,Inputs!$D$12))/CHOOSE(MATCH(Inputs!$B$3,{"weibull","lognormal","loglogistic"},0),Inputs!$F$8,Inputs!$F$10,Inputs!$F$12),TRUE))))
A3: 1 | B3: =A3/12 | C3: =IF(B3=0,1,IF(Inputs!$B$3="weibull",EXP(-(B3/CHOOSE(MATCH(Inputs!$B$3,{"weibull","lognormal","loglogistic"},0),Inputs!$F$7,Inputs!$F$9,Inputs!$F$11))^CHOOSE(MATCH(Inputs!$B$3,{"weibull","lognormal","loglogistic"},0),Inputs!$D$7,Inputs!$D$9,Inputs!$D$11)),IF(Inputs!$B$3="loglogistic",1/(1+(B3/CHOOSE(MATCH(Inputs!$B$3,{"weibull","lognormal","loglogistic"},0),Inputs!$F$7,Inputs!$F$9,Inputs!$F$11))^CHOOSE(MATCH(Inputs!$B$3,{"weibull","lognormal","loglogistic"},0),Inputs!$D$7,Inputs!$D$9,Inputs!$D$11)),1-NORM.S.DIST((LN(B3)-CHOOSE(MATCH(Inputs!$B$3,{"weibull","lognormal","loglogistic"},0),Inputs!$D$7,Inputs!$D$9,Inputs!$D$11))/CHOOSE(MATCH(Inputs!$B$3,{"weibull","lognormal","loglogistic"},0),Inputs!$F$7,Inputs!$F$9,Inputs!$F$11),TRUE)))) | D3: =IF(B3=0,1,IF(Inputs!$B$3="weibull",EXP(-(B3/CHOOSE(MATCH(Inputs!$B$3,{"weibull","lognormal","loglogistic"},0),Inputs!$F$8,Inputs!$F$10,Inputs!$F$12))^CHOOSE(MATCH(Inputs!$B$3,{"weibull","lognormal","loglogistic"},0),Inputs!$D$8,Inputs!$D$10,Inputs!$D$12)),IF(Inputs!$B$3="loglogistic",1/(1+(B3/CHOOSE(MATCH(Inputs!$B$3,{"weibull","lognormal","loglogistic"},0),Inputs!$F$8,Inputs!$F$10,Inputs!$F$12))^CHOOSE(MATCH(Inputs!$B$3,{"weibull","lognormal","loglogistic"},0),Inputs!$D$8,Inputs!$D$10,Inputs!$D$12)),1-NORM.S.DIST((LN(B3)-CHOOSE(MATCH(Inputs!$B$3,{"weibull","lognormal","loglogistic"},0),Inputs!$D$8,Inputs!$D$10,Inputs!$D$12))/CHOOSE(MATCH(Inputs!$B$3,{"weibull","lognormal","loglogistic"},0),Inputs!$F$8,Inputs!$F$10,Inputs!$F$12),TRUE)))) | E3: =(C2+C3)/2/12 | F3: =(D2+D3)/2/12
A4: 2 | B4: =A4/12 | C4: =IF(B4=0,1,IF(Inputs!$B$3="weibull",EXP(-(B4/CHOOSE(MATCH(Inputs!$B$3,{"weibull","lognormal","loglogistic"},0),Inputs!$F$7,Inputs!$F$9,Inputs!$F$11))^CHOOSE(MATCH(Inputs!$B$3,{"weibull","lognormal","loglogistic"},0),Inputs!$D$7,Inputs!$D$9,Inputs!$D$11)),IF(Inputs!$B$3="loglogistic",1/(1+(B4/CHOOSE(MATCH(Inputs!$B$3,{"weibull","lognormal","loglogistic"},0),Inputs!$F$7,Inputs!$F$9,Inputs!$F$11))^CHOOSE(MATCH(Inputs!$B$3,{"weibull","lognormal","loglogistic"},0),Inputs!$D$7,Inputs!$D$9,Inputs!$D$11)),1-NORM.S.DIST((LN(B4)-CHOOSE(MATCH(Inputs!$B$3,{"weibull","lognormal","loglogistic"},0),Inputs!$D$7,Inputs!$D$9,Inputs!$D$11))/CHOOSE(MATCH(Inputs!$B$3,{"weibull","lognormal","loglogistic"},0),Inputs!$F$7,Inputs!$F$9,Inputs!$F$11),TRUE)))) | D4: =IF(B4=0,1,IF(Inputs!$B$3="weibull",EXP(-(B4/CHOOSE(MATCH(Inputs!$B$3,{"weibull","lognormal","loglogistic"},0),Inputs!$F$8,Inputs!$F$10,Inputs!$F$12))^CHOOSE(MATCH(Inputs!$B$3,{"weibull","lognormal","loglogistic"},0),Inputs!$D$8,Inputs!$D$10,Inputs!$D$12)),IF(Inputs!$B$3="loglogistic",1/(1+(B4/CHOOSE(MATCH(Inputs!$B$3,{"weibull","lognormal","loglogistic"},0),Inputs!$F$8,Inputs!$F$10,Inputs!$F$12))^CHOOSE(MATCH(Inputs!$B$3,{"weibull","lognormal","loglogistic"},0),Inputs!$D$8,Inputs!$D$10,Inputs!$D$12)),1-NORM.S.DIST((LN(B4)-CHOOSE(MATCH(Inputs!$B$3,{"weibull","lognormal","loglogistic"},0),Inputs!$D$8,Inputs!$D$10,Inputs!$D$12))/CHOOSE(MATCH(Inputs!$B$3,{"weibull","lognormal","loglogistic"},0),Inputs!$F$8,Inputs!$F$10,Inputs!$F$12),TRUE)))) | E4: =(C3+C4)/2/12 | F4: =(D3+D4)/2/12
A5: 3 | B5: =A5/12 | C5: =IF(B5=0,1,IF(Inputs!$B$3="weibull",EXP(-(B5/CHOOSE(MATCH(Inputs!$B$3,{"weibull","lognormal","loglogistic"},0),Inputs!$F$7,Inputs!$F$9,Inputs!$F$11))^CHOOSE(MATCH(Inputs!$B$3,{"weibull","lognormal","loglogistic"},0),Inputs!$D$7,Inputs!$D$9,Inputs!$D$11)),IF(Inputs!$B$3="loglogistic",1/(1+(B5/CHOOSE(MATCH(Inputs!$B$3,{"weibull","lognormal","loglogistic"},0),Inputs!$F$7,Inputs!$F$9,Inputs!$F$11))^CHOOSE(MATCH(Inputs!$B$3,{"weibull","lognormal","loglogistic"},0),Inputs!$D$7,Inputs!$D$9,Inputs!$D$11)),1-NORM.S.DIST((LN(B5)-CHOOSE(MATCH(Inputs!$B$3,{"weibull","lognormal","loglogistic"},0),Inputs!$D$7,Inputs!$D$9,Inputs!$D$11))/CHOOSE(MATCH(Inputs!$B$3,{"weibull","lognormal","loglogistic"},0),Inputs!$F$7,Inputs!$F$9,Inputs!$F$11),TRUE)))) | D5: =IF(B5=0,1,IF(Inputs!$B$3="weibull",EXP(-(B5/CHOOSE(MATCH(Inputs!$B$3,{"weibull","lognormal","loglogistic"},0),Inputs!$F$8,Inputs!$F$10,Inputs!$F$12))^CHOOSE(MATCH(Inputs!$B$3,{"weibull","lognormal","loglogistic"},0),Inputs!$D$8,Inputs!$D$10,Inputs!$D$12)),IF(Inputs!$B$3="loglogistic",1/(1+(B5/CHOOSE(MATCH(Inputs!$B$3,{"weibull","lognormal","loglogistic"},0),Inputs!$F$8,Inputs!$F$10,Inputs!$F$12))^CHOOSE(MATCH(Inputs!$B$3,{"weibull","lognormal","loglogistic"},0),Inputs!$D$8,Inputs!$D$10,Inputs!$D$12)),1-NORM.S.DIST((LN(B5)-CHOOSE(MATCH(Inputs!$B$3,{"weibull","lognormal","loglogistic"},0),Inputs!$D$8,Inputs!$D$10,Inputs!$D$12))/CHOOSE(MATCH(Inputs!$B$3,{"weibull","lognormal","loglogistic"},0),Inputs!$F$8,Inputs!$F$10,Inputs!$F$12),TRUE)))) | E5: =(C4+C5)/2/12 | F5: =(D4+D5)/2/12
A6: 4 | B6: =A6/12 | C6: =IF(B6=0,1,IF(Inputs!$B$3="weibull",EXP(-(B6/CHOOSE(MATCH(Inputs!$B$3,{"weibull","lognormal","loglogistic"},0),Inputs!$F$7,Inputs!$F$9,Inputs!$F$11))^CHOOSE(MATCH(Inputs!$B$3,{"weibull","lognormal","loglogistic"},0),Inputs!$D$7,Inputs!$D$9,Inputs!$D$11)),IF(Inputs!$B$3="loglogistic",1/(1+(B6/CHOOSE(MATCH(Inputs!$B$3,{"weibull","lognormal","loglogistic"},0),Inputs!$F$7,Inputs!$F$9,Inputs!$F$11))^CHOOSE(MATCH(Inputs!$B$3,{"weibull","lognormal","loglogistic"},0),Inputs!$D$7,Inputs!$D$9,Inputs!$D$11)),1-NORM.S.DIST((LN(B6)-CHOOSE(MATCH(Inputs!$B$3,{"weibull","lognormal","loglogistic"},0),Inputs!$D$7,Inputs!$D$9,Inputs!$D$11))/CHOOSE(MATCH(Inputs!$B$3,{"weibull","lognormal","loglogistic"},0),Inputs!$F$7,Inputs!$F$9,Inputs!$F$11),TRUE)))) | D6: =IF(B6=0,1,IF(Inputs!$B$3="weibull",EXP(-(B6/CHOOSE(MATCH(Inputs!$B$3,{"weibull","lognormal","loglogistic"},0),Inputs!$F$8,Inputs!$F$10,Inputs!$F$12))^CHOOSE(MATCH(Inputs!$B$3,{"weibull","lognormal","loglogistic"},0),Inputs!$D$8,Inputs!$D$10,Inputs!$D$12)),IF(Inputs!$B$3="loglogistic",1/(1+(B6/CHOOSE(MATCH(Inputs!$B$3,{"weibull","lognormal","loglogistic"},0),Inputs!$F$8,Inputs!$F$10,Inputs!$F$12))^CHOOSE(MATCH(Inputs!$B$3,{"weibull","lognormal","loglogistic"},0),Inputs!$D$8,Inputs!$D$10,Inputs!$D$12)),1-NORM.S.DIST((LN(B6)-CHOOSE(MATCH(Inputs!$B$3,{"weibull","lognormal","loglogistic"},0),Inputs!$D$8,Inputs!$D$10,Inputs!$D$12))/CHOOSE(MATCH(Inputs!$B$3,{"weibull","lognormal","loglogistic"},0),Inputs!$F$8,Inputs!$F$10,Inputs!$F$12),TRUE)))) | E6: =(C5+C6)/2/12 | F6: =(D5+D6)/2/12
A7: 5 | B7: =A7/12 | C7: =IF(B7=0,1,IF(Inputs!$B$3="weibull",EXP(-(B7/CHOOSE(MATCH(Inputs!$B$3,{"weibull","lognormal","loglogistic"},0),Inputs!$F$7,Inputs!$F$9,Inputs!$F$11))^CHOOSE(MATCH(Inputs!$B$3,{"weibull","lognormal","loglogistic"},0),Inputs!$D$7,Inputs!$D$9,Inputs!$D$11)),IF(Inputs!$B$3="loglogistic",1/(1+(B7/CHOOSE(MATCH(Inputs!$B$3,{"weibull","lognormal","loglogistic"},0),Inputs!$F$7,Inputs!$F$9,Inputs!$F$11))^CHOOSE(MATCH(Inputs!$B$3,{"weibull","lognormal","loglogistic"},0),Inputs!$D$7,Inputs!$D$9,Inputs!$D$11)),1-NORM.S.DIST((LN(B7)-CHOOSE(MATCH(Inputs!$B$3,{"weibull","lognormal","loglogistic"},0),Inputs!$D$7,Inputs!$D$9,Inputs!$D$11))/CHOOSE(MATCH(Inputs!$B$3,{"weibull","lognormal","loglogistic"},0),Inputs!$F$7,Inputs!$F$9,Inputs!$F$11),TRUE)))) | D7: =IF(B7=0,1,IF(Inputs!$B$3="weibull",EXP(-(B7/CHOOSE(MATCH(Inputs!$B$3,{"weibull","lognormal","loglogistic"},0),Inputs!$F$8,Inputs!$F$10,Inputs!$F$12))^CHOOSE(MATCH(Inputs!$B$3,{"weibull","lognormal","loglogistic"},0),Inputs!$D$8,Inputs!$D$10,Inputs!$D$12)),IF(Inputs!$B$3="loglogistic",1/(1+(B7/CHOOSE(MATCH(Inputs!$B$3,{"weibull","lognormal","loglogistic"},0),Inputs!$F$8,Inputs!$F$10,Inputs!$F$12))^CHOOSE(MATCH(Inputs!$B$3,{"weibull","lognormal","loglogistic"},0),Inputs!$D$8,Inputs!$D$10,Inputs!$D$12)),1-NORM.S.DIST((LN(B7)-CHOOSE(MATCH(Inputs!$B$3,{"weibull","lognormal","loglogistic"},0),Inputs!$D$8,Inputs!$D$10,Inputs!$D$12))/CHOOSE(MATCH(Inputs!$B$3,{"weibull","lognormal","loglogistic"},0),Inputs!$F$8,Inputs!$F$10,Inputs!$F$12),TRUE)))) | E7: =(C6+C7)/2/12 | F7: =(D6+D7)/2/12
A8: 6 | B8: =A8/12 | C8: =IF(B8=0,1,IF(Inputs!$B$3="weibull",EXP(-(B8/CHOOSE(MATCH(Inputs!$B$3,{"weibull","lognormal","loglogistic"},0),Inputs!$F$7,Inputs!$F$9,Inputs!$F$11))^CHOOSE(MATCH(Inputs!$B$3,{"weibull","lognormal","loglogistic"},0),Inputs!$D$7,Inputs!$D$9,Inputs!$D$11)),IF(Inputs!$B$3="loglogistic",1/(1+(B8/CHOOSE(MATCH(Inputs!$B$3,{"weibull","lognormal","loglogistic"},0),Inputs!$F$7,Inputs!$F$9,Inputs!$F$11))^CHOOSE(MATCH(Inputs!$B$3,{"weibull","lognormal","loglogistic"},0),Inputs!$D$7,Inputs!$D$9,Inputs!$D$11)),1-NORM.S.DIST((LN(B8)-CHOOSE(MATCH(Inputs!$B$3,{"weibull","lognormal","loglogistic"},0),Inputs!$D$7,Inputs!$D$9,Inputs!$D$11))/CHOOSE(MATCH(Inputs!$B$3,{"weibull","lognormal","loglogistic"},0),Inputs!$F$7,Inputs!$F$9,Inputs!$F$11),TRUE)))) | D8: =IF(B8=0,1,IF(Inputs!$B$3="weibull",EXP(-(B8/CHOOSE(MATCH(Inputs!$B$3,{"weibull","lognormal","loglogistic"},0),Inputs!$F$8,Inputs!$F$10,Inputs!$F$12))^CHOOSE(MATCH(Inputs!$B$3,{"weibull","lognormal","loglogistic"},0),Inputs!$D$8,Inputs!$D$10,Inputs!$D$12)),IF(Inputs!$B$3="loglogistic",1/(1+(B8/CHOOSE(MATCH(Inputs!$B$3,{"weibull","lognormal","loglogistic"},0),Inputs!$F$8,Inputs!$F$10,Inputs!$F$12))^CHOOSE(MATCH(Inputs!$B$3,{"weibull","lognormal","loglogistic"},0),Inputs!$D$8,Inputs!$D$10,Inputs!$D$12)),1-NORM.S.DIST((LN(B8)-CHOOSE(MATCH(Inputs!$B$3,{"weibull","lognormal","loglogistic"},0),Inputs!$D$8,Inputs!$D$10,Inputs!$D$12))/CHOOSE(MATCH(Inputs!$B$3,{"weibull","lognormal","loglogistic"},0),Inputs!$F$8,Inputs!$F$10,Inputs!$F$12),TRUE)))) | E8: =(C7+C8)/2/12 | F8: =(D7+D8)/2/12
A9: 7 | B9: =A9/12 | C9: =IF(B9=0,1,IF(Inputs!$B$3="weibull",EXP(-(B9/CHOOSE(MATCH(Inputs!$B$3,{"weibull","lognormal","loglogistic"},0),Inputs!$F$7,Inputs!$F$9,Inputs!$F$11))^CHOOSE(MATCH(Inputs!$B$3,{"weibull","lognormal","loglogistic"},0),Inputs!$D$7,Inputs!$D$9,Inputs!$D$11)),IF(Inputs!$B$3="loglogistic",1/(1+(B9/CHOOSE(MATCH(Inputs!$B$3,{"weibull","lognormal","loglogistic"},0),Inputs!$F$7,Inputs!$F$9,Inputs!$F$11))^CHOOSE(MATCH(Inputs!$B$3,{"weibull","lognormal","loglogistic"},0),Inputs!$D$7,Inputs!$D$9,Inputs!$D$11)),1-NORM.S.DIST((LN(B9)-CHOOSE(MATCH(Inputs!$B$3,{"weibull","lognormal","loglogistic"},0),Inputs!$D$7,Inputs!$D$9,Inputs!$D$11))/CHOOSE(MATCH(Inputs!$B$3,{"weibull","lognormal","loglogistic"},0),Inputs!$F$7,Inputs!$F$9,Inputs!$F$11),TRUE)))) | D9: =IF(B9=0,1,IF(Inputs!$B$3="weibull",EXP(-(B9/CHOOSE(MATCH(Inputs!$B$3,{"weibull","lognormal","loglogistic"},0),Inputs!$F$8,Inputs!$F$10,Inputs!$F$12))^CHOOSE(MATCH(Inputs!$B$3,{"weibull","lognormal","loglogistic"},0),Inputs!$D$8,Inputs!$D$10,Inputs!$D$12)),IF(Inputs!$B$3="loglogistic",1/(1+(B9/CHOOSE(MATCH(Inputs!$B$3,{"weibull","lognormal","loglogistic"},0),Inputs!$F$8,Inputs!$F$10,Inputs!$F$12))^CHOOSE(MATCH(Inputs!$B$3,{"weibull","lognormal","loglogistic"},0),Inputs!$D$8,Inputs!$D$10,Inputs!$D$12)),1-NORM.S.DIST((LN(B9)-CHOOSE(MATCH(Inputs!$B$3,{"weibull","lognormal","loglogistic"},0),Inputs!$D$8,Inputs!$D$10,Inputs!$D$12))/CHOOSE(MATCH(Inputs!$B$3,{"weibull","lognormal","loglogistic"},0),Inputs!$F$8,Inputs!$F$10,Inputs!$F$12),TRUE)))) | E9: =(C8+C9)/2/12 | F9: =(D8+D9)/2/12
A10: 8 | B10: =A10/12 | C10: =IF(B10=0,1,IF(Inputs!$B$3="weibull",EXP(-(B10/CHOOSE(MATCH(Inputs!$B$3,{"weibull","lognormal","loglogistic"},0),Inputs!$F$7,Inputs!$F$9,Inputs!$F$11))^CHOOSE(MATCH(Inputs!$B$3,{"weibull","lognormal","loglogistic"},0),Inputs!$D$7,Inputs!$D$9,Inputs!$D$11)),IF(Inputs!$B$3="loglogistic",1/(1+(B10/CHOOSE(MATCH(Inputs!$B$3,{"weibull","lognormal","loglogistic"},0),Inputs!$F$7,Inputs!$F$9,Inputs!$F$11))^CHOOSE(MATCH(Inputs!$B$3,{"weibull","lognormal","loglogistic"},0),Inputs!$D$7,Inputs!$D$9,Inputs!$D$11)),1-NORM.S.DIST((LN(B10)-CHOOSE(MATCH(Inputs!$B$3,{"weibull","lognormal","loglogistic"},0),Inputs!$D$7,Inputs!$D$9,Inputs!$D$11))/CHOOSE(MATCH(Inputs!$B$3,{"weibull","lognormal","loglogistic"},0),Inputs!$F$7,Inputs!$F$9,Inputs!$F$11),TRUE)))) | D10: =IF(B10=0,1,IF(Inputs!$B$3="weibull",EXP(-(B10/CHOOSE(MATCH(Inputs!$B$3,{"weibull","lognormal","loglogistic"},0),Inputs!$F$8,Inputs!$F$10,Inputs!$F$12))^CHOOSE(MATCH(Inputs!$B$3,{"weibull","lognormal","loglogistic"},0),Inputs!$D$8,Inputs!$D$10,Inputs!$D$12)),IF(Inputs!$B$3="loglogistic",1/(1+(B10/CHOOSE(MATCH(Inputs!$B$3,{"weibull","lognormal","loglogistic"},0),Inputs!$F$8,Inputs!$F$10,Inputs!$F$12))^CHOOSE(MATCH(Inputs!$B$3,{"weibull","lognormal","loglogistic"},0),Inputs!$D$8,Inputs!$D$10,Inputs!$D$12)),1-NORM.S.DIST((LN(B10)-CHOOSE(MATCH(Inputs!$B$3,{"weibull","lognormal","loglogistic"},0),Inputs!$D$8,Inputs!$D$10,Inputs!$D$12))/CHOOSE(MATCH(Inputs!$B$3,{"weibull","lognormal","loglogistic"},0),Inputs!$F$8,Inputs!$F$10,Inputs!$F$12),TRUE)))) | E10: =(C9+C10)/2/12 | F10: =(D9+D10)/2/12
A11: 9 | B11: =A11/12 | C11: =IF(B11=0,1,IF(Inputs!$B$3="weibull",EXP(-(B11/CHOOSE(MATCH(Inputs!$B$3,{"weibull","lognormal","loglogistic"},0),Inputs!$F$7,Inputs!$F$9,Inputs!$F$11))^CHOOSE(MATCH(Inputs!$B$3,{"weibull","lognormal","loglogistic"},0),Inputs!$D$7,Inputs!$D$9,Inputs!$D$11)),IF(Inputs!$B$3="loglogistic",1/(1+(B11/CHOOSE(MATCH(Inputs!$B$3,{"weibull","lognormal","loglogistic"},0),Inputs!$F$7,Inputs!$F$9,Inputs!$F$11))^CHOOSE(MATCH(Inputs!$B$3,{"weibull","lognormal","loglogistic"},0),Inputs!$D$7,Inputs!$D$9,Inputs!$D$11)),1-NORM.S.DIST((LN(B11)-CHOOSE(MATCH(Inputs!$B$3,{"weibull","lognormal","loglogistic"},0),Inputs!$D$7,Inputs!$D$9,Inputs!$D$11))/CHOOSE(MATCH(Inputs!$B$3,{"weibull","lognormal","loglogistic"},0),Inputs!$F$7,Inputs!$F$9,Inputs!$F$11),TRUE)))) | D11: =IF(B11=0,1,IF(Inputs!$B$3="weibull",EXP(-(B11/CHOOSE(MATCH(Inputs!$B$3,{"weibull","lognormal","loglogistic"},0),Inputs!$F$8,Inputs!$F$10,Inputs!$F$12))^CHOOSE(MATCH(Inputs!$B$3,{"weibull","lognormal","loglogistic"},0),Inputs!$D$8,Inputs!$D$10,Inputs!$D$12)),IF(Inputs!$B$3="loglogistic",1/(1+(B11/CHOOSE(MATCH(Inputs!$B$3,{"weibull","lognormal","loglogistic"},0),Inputs!$F$8,Inputs!$F$10,Inputs!$F$12))^CHOOSE(MATCH(Inputs!$B$3,{"weibull","lognormal","loglogistic"},0),Inputs!$D$8,Inputs!$D$10,Inputs!$D$12)),1-NORM.S.DIST((LN(B11)-CHOOSE(MATCH(Inputs!$B$3,{"weibull","lognormal","loglogistic"},0),Inputs!$D$8,Inputs!$D$10,Inputs!$D$12))/CHOOSE(MATCH(Inputs!$B$3,{"weibull","lognormal","loglogistic"},0),Inputs!$F$8,Inputs!$F$10,Inputs!$F$12),TRUE)))) | E11: =(C10+C11)/2/12 | F11: =(D10+D11)/2/12
A12: 10 | B12: =A12/12 | C12: =IF(B12=0,1,IF(Inputs!$B$3="weibull",EXP(-(B12/CHOOSE(MATCH(Inputs!$B$3,{"weibull","lognormal","loglogistic"},0),Inputs!$F$7,Inputs!$F$9,Inputs!$F$11))^CHOOSE(MATCH(Inputs!$B$3,{"weibull","lognormal","loglogistic"},0),Inputs!$D$7,Inputs!$D$9,Inputs!$D$11)),IF(Inputs!$B$3="loglogistic",1/(1+(B12/CHOOSE(MATCH(Inputs!$B$3,{"weibull","lognormal","loglogistic"},0),Inputs!$F$7,Inputs!$F$9,Inputs!$F$11))^CHOOSE(MATCH(Inputs!$B$3,{"weibull","lognormal","loglogistic"},0),Inputs!$D$7,Inputs!$D$9,Inputs!$D$11)),1-NORM.S.DIST((LN(B12)-CHOOSE(MATCH(Inputs!$B$3,{"weibull","lognormal","loglogistic"},0),Inputs!$D$7,Inputs!$D$9,Inputs!$D$11))/CHOOSE(MATCH(Inputs!$B$3,{"weibull","lognormal","loglogistic"},0),Inputs!$F$7,Inputs!$F$9,Inputs!$F$11),TRUE)))) | D12: =IF(B12=0,1,IF(Inputs!$B$3="weibull",EXP(-(B12/CHOOSE(MATCH(Inputs!$B$3,{"weibull","lognormal","loglogistic"},0),Inputs!$F$8,Inputs!$F$10,Inputs!$F$12))^CHOOSE(MATCH(Inputs!$B$3,{"weibull","lognormal","loglogistic"},0),Inputs!$D$8,Inputs!$D$10,Inputs!$D$12)),IF(Inputs!$B$3="loglogistic",1/(1+(B12/CHOOSE(MATCH(Inputs!$B$3,{"weibull","lognormal","loglogistic"},0),Inputs!$F$8,Inputs!$F$10,Inputs!$F$12))^CHOOSE(MATCH(Inputs!$B$3,{"weibull","lognormal","loglogistic"},0),Inputs!$D$8,Inputs!$D$10,Inputs!$D$12)),1-NORM.S.DIST((LN(B12)-CHOOSE(MATCH(Inputs!$B$3,{"weibull","lognormal","loglogistic"},0),Inputs!$D$8,Inputs!$D$10,Inputs!$D$12))/CHOOSE(MATCH(Inputs!$B$3,{"weibull","lognormal","loglogistic"},0),Inputs!$F$8,Inputs!$F$10,Inputs!$F$12),TRUE)))) | E12: =(C11+C12)/2/12 | F12: =(D11+D12)/2/12
A13: 11 | B13: =A13/12 | C13: =IF(B13=0,1,IF(Inputs!$B$3="weibull",EXP(-(B13/CHOOSE(MATCH(Inputs!$B$3,{"weibull","lognormal","loglogistic"},0),Inputs!$F$7,Inputs!$F$9,Inputs!$F$11))^CHOOSE(MATCH(Inputs!$B$3,{"weibull","lognormal","loglogistic"},0),Inputs!$D$7,Inputs!$D$9,Inputs!$D$11)),IF(Inputs!$B$3="loglogistic",1/(1+(B13/CHOOSE(MATCH(Inputs!$B$3,{"weibull","lognormal","loglogistic"},0),Inputs!$F$7,Inputs!$F$9,Inputs!$F$11))^CHOOSE(MATCH(Inputs!$B$3,{"weibull","lognormal","loglogistic"},0),Inputs!$D$7,Inputs!$D$9,Inputs!$D$11)),1-NORM.S.DIST((LN(B13)-CHOOSE(MATCH(Inputs!$B$3,{"weibull","lognormal","loglogistic"},0),Inputs!$D$7,Inputs!$D$9,Inputs!$D$11))/CHOOSE(MATCH(Inputs!$B$3,{"weibull","lognormal","loglogistic"},0),Inputs!$F$7,Inputs!$F$9,Inputs!$F$11),TRUE)))) | D13: =IF(B13=0,1,IF(Inputs!$B$3="weibull",EXP(-(B13/CHOOSE(MATCH(Inputs!$B$3,{"weibull","lognormal","loglogistic"},0),Inputs!$F$8,Inputs!$F$10,Inputs!$F$12))^CHOOSE(MATCH(Inputs!$B$3,{"weibull","lognormal","loglogistic"},0),Inputs!$D$8,Inputs!$D$10,Inputs!$D$12)),IF(Inputs!$B$3="loglogistic",1/(1+(B13/CHOOSE(MATCH(Inputs!$B$3,{"weibull","lognormal","loglogistic"},0),Inputs!$F$8,Inputs!$F$10,Inputs!$F$12))^CHOOSE(MATCH(Inputs!$B$3,{"weibull","lognormal","loglogistic"},0),Inputs!$D$8,Inputs!$D$10,Inputs!$D$12)),1-NORM.S.DIST((LN(B13)-CHOOSE(MATCH(Inputs!$B$3,{"weibull","lognormal","loglogistic"},0),Inputs!$D$8,Inputs!$D$10,Inputs!$D$12))/CHOOSE(MATCH(Inputs!$B$3,{"weibull","lognormal","loglogistic"},0),Inputs!$F$8,Inputs!$F$10,Inputs!$F$12),TRUE)))) | E13: =(C12+C13)/2/12 | F13: =(D12+D13)/2/12
A14: 12 | B14: =A14/12 | C14: =IF(B14=0,1,IF(Inputs!$B$3="weibull",EXP(-(B14/CHOOSE(MATCH(Inputs!$B$3,{"weibull","lognormal","loglogistic"},0),Inputs!$F$7,Inputs!$F$9,Inputs!$F$11))^CHOOSE(MATCH(Inputs!$B$3,{"weibull","lognormal","loglogistic"},0),Inputs!$D$7,Inputs!$D$9,Inputs!$D$11)),IF(Inputs!$B$3="loglogistic",1/(1+(B14/CHOOSE(MATCH(Inputs!$B$3,{"weibull","lognormal","loglogistic"},0),Inputs!$F$7,Inputs!$F$9,Inputs!$F$11))^CHOOSE(MATCH(Inputs!$B$3,{"weibull","lognormal","loglogistic"},0),Inputs!$D$7,Inputs!$D$9,Inputs!$D$11)),1-NORM.S.DIST((LN(B14)-CHOOSE(MATCH(Inputs!$B$3,{"weibull","lognormal","loglogistic"},0),Inputs!$D$7,Inputs!$D$9,Inputs!$D$11))/CHOOSE(MATCH(Inputs!$B$3,{"weibull","lognormal","loglogistic"},0),Inputs!$F$7,Inputs!$F$9,Inputs!$F$11),TRUE)))) | D14: =IF(B14=0,1,IF(Inputs!$B$3="weibull",EXP(-(B14/CHOOSE(MATCH(Inputs!$B$3,{"weibull","lognormal","loglogistic"},0),Inputs!$F$8,Inputs!$F$10,Inputs!$F$12))^CHOOSE(MATCH(Inputs!$B$3,{"weibull","lognormal","loglogistic"},0),Inputs!$D$8,Inputs!$D$10,Inputs!$D$12)),IF(Inputs!$B$3="loglogistic",1/(1+(B14/CHOOSE(MATCH(Inputs!$B$3,{"weibull","lognormal","loglogistic"},0),Inputs!$F$8,Inputs!$F$10,Inputs!$F$12))^CHOOSE(MATCH(Inputs!$B$3,{"weibull","lognormal","loglogistic"},0),Inputs!$D$8,Inputs!$D$10,Inputs!$D$12)),1-NORM.S.DIST((LN(B14)-CHOOSE(MATCH(Inputs!$B$3,{"weibull","lognormal","loglogistic"},0),Inputs!$D$8,Inputs!$D$10,Inputs!$D$12))/CHOOSE(MATCH(Inputs!$B$3,{"weibull","lognormal","loglogistic"},0),Inputs!$F$8,Inputs!$F$10,Inputs!$F$12),TRUE)))) | E14: =(C13+C14)/2/12 | F14: =(D13+D14)/2/12
... A362: 360 | B362: =A362/12 | C362: =IF(B362=0,1,IF(Inputs!$B$3="weibull",EXP(-(B362/CHOOSE(MATCH(Inputs!$B$3,{"weibull","lognormal","loglogistic"},0),Inputs!$F$7,Inputs!$F$9,Inputs!$F$11))^CHOOSE(MATCH(Inputs!$B$3,{"weibull","lognormal","loglogistic"},0),Inputs!$D$7,Inputs!$D$9,Inputs!$D$11)),IF(Inputs!$B$3="loglogistic",1/(1+(B362/CHOOSE(MATCH(Inputs!$B$3,{"weibull","lognormal","loglogistic"},0),Inputs!$F$7,Inputs!$F$9,Inputs!$F$11))^CHOOSE(MATCH(Inputs!$B$3,{"weibull","lognormal","loglogistic"},0),Inputs!$D$7,Inputs!$D$9,Inputs!$D$11)),1-NORM.S.DIST((LN(B362)-CHOOSE(MATCH(Inputs!$B$3,{"weibull","lognormal","loglogistic"},0),Inputs!$D$7,Inputs!$D$9,Inputs!$D$11))/CHOOSE(MATCH(Inputs!$B$3,{"weibull","lognormal","loglogistic"},0),Inputs!$F$7,Inputs!$F$9,Inputs!$F$11),TRUE)))) | D362: =IF(B362=0,1,IF(Inputs!$B$3="weibull",EXP(-(B362/CHOOSE(MATCH(Inputs!$B$3,{"weibull","lognormal","loglogistic"},0),Inputs!$F$8,Inputs!$F$10,Inputs!$F$12))^CHOOSE(MATCH(Inputs!$B$3,{"weibull","lognormal","loglogistic"},0),Inputs!$D$8,Inputs!$D$10,Inputs!$D$12)),IF(Inputs!$B$3="loglogistic",1/(1+(B362/CHOOSE(MATCH(Inputs!$B$3,{"weibull","lognormal","loglogistic"},0),Inputs!$F$8,Inputs!$F$10,Inputs!$F$12))^CHOOSE(MATCH(Inputs!$B$3,{"weibull","lognormal","loglogistic"},0),Inputs!$D$8,Inputs!$D$10,Inputs!$D$12)),1-NORM.S.DIST((LN(B362)-CHOOSE(MATCH(Inputs!$B$3,{"weibull","lognormal","loglogistic"},0),Inputs!$D$8,Inputs!$D$10,Inputs!$D$12))/CHOOSE(MATCH(Inputs!$B$3,{"weibull","lognormal","loglogistic"},0),Inputs!$F$8,Inputs!$F$10,Inputs!$F$12),TRUE)))) | E362: =(C361+C362)/2/12 | F362: =(D361+D362)/2/12
